club_id,club_code,name,domestic_competition_id,total_market_value,squad_size,average_age,foreigners_number,foreigners_percentage,national_team_players,stadium_name,stadium_seats,net_transfer_record,coach_name,last_season,filename,url,pile_name
10,arminia-bielefeld,Arminia Bielefeld,L1,,27,25.3,15,55.6,4,SchücoArena,26515,+€5.90m,,2021,../data/raw/transfermarkt-scraper/2021/clubs.json.gz,https://www.transfermarkt.co.uk/arminia-bielefeld/startseite/verein/10,Arminia Bielefeld
10004,paris-fc,Paris Football Club,FR1,,31,28.7,17,54.8,9,Stade Jean Bouin,19904,€-72.30m,,2025,../data/raw/transfermarkt-scraper/2025/clubs.json.gz,https://www.transfermarkt.co.uk/paris-fc/startseite/verein/10004,Paris FC
10010,esporte-clube-bahia,Esporte Clube Bahia,BRA1,,32,26.7,6,18.8,3,Arena Fonte Nova,47364,+€8.14m,,2025,../data/raw/transfermarkt-scraper/2025/clubs.json.gz,https://www.transfermarkt.co.uk/esporte-clube-bahia/startseite/verein/10010,Bahia
1003,leicester-city,Leicester City,GB1,,29,25.9,17,58.6,9,King Power Stadium,32259,+€57.30m,Steve Cooper,2024,../data/raw/transfermarkt-scraper/2024/clubs.json.gz,https://www.transfermarkt.co.uk/leicester-city/startseite/verein/1003,Leicester City
1005,us-lecce,Unione Sportiva Lecce,IT1,,27,25.3,23,85.2,14,Ettore Giardiniero,31559,+€8.62m,,2025,../data/raw/transfermarkt-scraper/2025/clubs.json.gz,https://www.transfermarkt.co.uk/us-lecce/startseite/verein/1005,Lecce
1010,fc-watford,Watford FC,GB1,,30,26.3,24,80.0,12,Vicarage Road,21577,+€42.02m,,2021,../data/raw/transfermarkt-scraper/2021/clubs.json.gz,https://www.transfermarkt.co.uk/fc-watford/startseite/verein/1010,Watford
1023,se-palmeiras-sao-paulo,Sociedade Esportiva Palmeiras,BRA1,,30,25.4,8,26.7,10,Allianz Parque,43713,+€31.54m,,2025,../data/raw/transfermarkt-scraper/2025/clubs.json.gz,https://www.transfermarkt.co.uk/se-palmeiras-sao-paulo/startseite/verein/1023,Palmeiras
1025,fc-bologna,Bologna Football Club 1909,IT1,,27,27.3,17,63.0,11,Stadio Renato Dall’Ara,36462,+€27.70m,,2025,../data/raw/transfermarkt-scraper/2025/clubs.json.gz,https://www.transfermarkt.co.uk/fc-bologna/startseite/verein/1025,Bologna
1029,club-atletico-velez-sarsfield,Club Atlético Vélez Sársfield,ARG1,,27,26.1,6,22.2,2,José Amalfitani,49747,+€29.92m,,2025,../data/raw/transfermarkt-scraper/2025/clubs.json.gz,https://www.transfermarkt.co.uk/club-atletico-velez-sarsfield/startseite/verein/1029,Vélez
1030,argentinos-juniors,Asociación Atlética Argentinos Juniors,ARG1,,32,27.5,4,12.5,2,Diego Armando Maradona,22063,+€16.53m,,2025,../data/raw/transfermarkt-scraper/2025/clubs.json.gz,https://www.transfermarkt.co.uk/argentinos-juniors/startseite/verein/1030,Argentinos Juniors
1031,luton-town,Luton Town,GB1,,30,26.1,16,53.3,7,Kenilworth Road,11850,+€9.00m,,2023,../data/raw/transfermarkt-scraper/2023/clubs.json.gz,https://www.transfermarkt.co.uk/luton-town/startseite/verein/1031,Luton Town
1032,fc-reading,Reading FC,GB1,,30,23.1,14,46.7,5,Select Car Leasing Stadium,24161,+€3.06m,,2012,../data/raw/transfermarkt-scraper/2012/clubs.json.gz,https://www.transfermarkt.co.uk/fc-reading/startseite/verein/1032,Reading
1038,sampdoria-genua,UC Sampdoria,IT1,,33,24.3,5,15.6,4,Luigi Ferraris,36348,+€1.75m,,2022,../data/raw/transfermarkt-scraper/2022/clubs.json.gz,https://www.transfermarkt.co.uk/sampdoria-genua/startseite/verein/1038,Sampdoria
1039,queens-park-rangers,Queens Park Rangers,GB1,,26,25.9,15,57.7,8,Loftus Road Stadium,18360,+€900k,,2014,../data/raw/transfermarkt-scraper/2014/clubs.json.gz,https://www.transfermarkt.co.uk/queens-park-rangers/startseite/verein/1039,QPR
1041,olympique-lyon,Olympique Lyonnais,FR1,,29,25.5,23,79.3,12,Groupama Stadium,59186,+€62.11m,,2025,../data/raw/transfermarkt-scraper/2025/clubs.json.gz,https://www.transfermarkt.co.uk/olympique-lyon/startseite/verein/1041,Lyon
1047,como-1907,Calcio Como,IT1,,27,26.4,25,92.6,10,Giuseppe Sinigaglia,12039,€-110.51m,,2025,../data/raw/transfermarkt-scraper/2025/clubs.json.gz,https://www.transfermarkt.co.uk/como-1907/startseite/verein/1047,Como
1049,fc-valencia,Valencia Club de Fútbol S. A. D.,ES1,,27,28.3,14,51.9,3,Mestalla,49430,+€9.63m,,2025,../data/raw/transfermarkt-scraper/2025/clubs.json.gz,https://www.transfermarkt.co.uk/fc-valencia/startseite/verein/1049,Valencia
10492,esporte-clube-juventude,Esporte Clube Juventude,BRA1,,29,28.3,3,10.3,0,Estádio Alfredo Jaconi,23726,+€1.13m,Roger Machado,2024,../data/raw/transfermarkt-scraper/2024/clubs.json.gz,https://www.transfermarkt.co.uk/esporte-clube-juventude/startseite/verein/10492,Juventude
105,sv-darmstadt-98,SV Darmstadt 98,L1,,27,25.6,13,48.1,1,Merck-Stadion am Böllenfalltor,17810,+€3.05m,,2023,../data/raw/transfermarkt-scraper/2023/clubs.json.gz,https://www.transfermarkt.co.uk/sv-darmstadt-98/startseite/verein/105,Darmstadt
1050,fc-villarreal,Villarreal Club de Fútbol S.A.D.,ES1,,27,26.5,13,48.1,11,La Cerámica,23500,+€2.50m,,2025,../data/raw/transfermarkt-scraper/2025/clubs.json.gz,https://www.transfermarkt.co.uk/fc-villarreal/startseite/verein/1050,Villarreal
10511,club-atletico-san-martin-sj-,CA San Martín (San Juan),ARG1,,30,27.4,1,3.3,0,Ingeniero Hilario Sánchez,26500,+-0,Leandro Romagnoli,2024,../data/raw/transfermarkt-scraper/2024/clubs.json.gz,https://www.transfermarkt.co.uk/club-atletico-san-martin-sj-/startseite/verein/10511,San Martín (SJ)
1061,los-angeles-galaxy,Los Angeles Galaxy,MLS1,,27,26.3,14,51.9,2,Dignity Health Sports Park,27000,€-1.01m,,2025,../data/raw/transfermarkt-scraper/2025/clubs.json.gz,https://www.transfermarkt.co.uk/los-angeles-galaxy/startseite/verein/1061,LA Galaxy
1071,wigan-athletic,Wigan Athletic,GB1,,26,24.0,8,30.8,2,DW Stadium,25133,+€290k,,2012,../data/raw/transfermarkt-scraper/2012/clubs.json.gz,https://www.transfermarkt.co.uk/wigan-athletic/startseite/verein/1071,Wigan
1082,losc-lille,Lille Olympique Sporting Club,FR1,,28,26.4,19,67.9,14,Decathlon Arena-Stade Pierre-Mauroy,50186,+€61.60m,,2025,../data/raw/transfermarkt-scraper/2025/clubs.json.gz,https://www.transfermarkt.co.uk/losc-lille/startseite/verein/1082,Lille
1084,fc-malaga,Málaga CF,ES1,,27,27.9,8,29.6,0,La Rosaleda,30044,+€950k,,2017,../data/raw/transfermarkt-scraper/2017/clubs.json.gz,https://www.transfermarkt.co.uk/fc-malaga/startseite/verein/1084,Málaga
10870,fortaleza-esporte-clube,Fortaleza Esporte Clube,BRA1,,29,27.1,5,17.2,0,Estádio Governador Plácido Castelo,63904,+€6.25m,Juan Pablo Vojvoda,2024,../data/raw/transfermarkt-scraper/2024/clubs.json.gz,https://www.transfermarkt.co.uk/fortaleza-esporte-clube/startseite/verein/10870,Fortaleza
1095,es-troyes-ac,ESTAC Troyes,FR1,,29,23.1,16,57.1,5,Stade de l'Aube,21877,+-0,,2022,../data/raw/transfermarkt-scraper/2022/clubs.json.gz,https://www.transfermarkt.co.uk/es-troyes-ac/startseite/verein/1095,Troyes
10997,clube-do-remo-pa-,Clube do Remo,BRA1,,36,28.7,9,25.0,0,Estádio Evandro Almeida,13792,€-2.84m,,2025,../data/raw/transfermarkt-scraper/2025/clubs.json.gz,https://www.transfermarkt.co.uk/clube-do-remo-pa-/startseite/verein/10997,Remo
11,fc-arsenal,Arsenal Football Club,GB1,,24,26.6,17,70.8,20,Emirates Stadium,60704,€-280.73m,,2025,../data/raw/transfermarkt-scraper/2025/clubs.json.gz,https://www.transfermarkt.co.uk/fc-arsenal/startseite/verein/11,Arsenal
1106,club-de-gimnasia-y-esgrima-la-plata,Club de Gimnasia y Esgrima La Plata,ARG1,,33,25.4,2,6.1,0,Juan Carmelo Zerillo,30973,+€2.00m,,2025,../data/raw/transfermarkt-scraper/2025/clubs.json.gz,https://www.transfermarkt.co.uk/club-de-gimnasia-y-esgrima-la-plata/startseite/verein/1106,Gimnasia LP
1108,deportivo-alaves,Deportivo Alavés S. A. D.,ES1,,24,28.1,10,41.7,3,Mendizorroza,19840,+€20.88m,,2025,../data/raw/transfermarkt-scraper/2025/clubs.json.gz,https://www.transfermarkt.co.uk/deportivo-alaves/startseite/verein/1108,Alavés
1110,huddersfield-town,Huddersfield Town,GB1,,33,26.7,12,36.4,3,John Smith's Stadium,24500,+€11.28m,,2018,../data/raw/transfermarkt-scraper/2018/clubs.json.gz,https://www.transfermarkt.co.uk/huddersfield-town/startseite/verein/1110,Huddersfield
11141,toronto-fc,Toronto FC,MLS1,,28,26.2,15,53.6,9,BMO Field,30991,€-26.78m,,2025,../data/raw/transfermarkt-scraper/2025/clubs.json.gz,https://www.transfermarkt.co.uk/toronto-fc/startseite/verein/11141,Toronto FC
1123,norwich-city,Norwich City,GB1,,25,26.0,17,68.0,12,Carrow Road,27244,€-10.33m,,2021,../data/raw/transfermarkt-scraper/2021/clubs.json.gz,https://www.transfermarkt.co.uk/norwich-city/startseite/verein/1123,Norwich
1132,fc-burnley,Burnley Football Club,GB1,,29,27.8,21,72.4,12,Turf Moor,21994,€-96.50m,,2025,../data/raw/transfermarkt-scraper/2025/clubs.json.gz,https://www.transfermarkt.co.uk/fc-burnley/startseite/verein/1132,Burnley
114,besiktas-istanbul,Beşiktaş Jimnastik Kulübü,TR1,,28,26.2,14,50.0,12,Beşiktaş Park,42684,€-27.96m,,2025,../data/raw/transfermarkt-scraper/2025/clubs.json.gz,https://www.transfermarkt.co.uk/besiktas-istanbul/startseite/verein/114,Beşiktaş
1147,ac-ajaccio,AC Ajaccio,FR1,,24,27.5,11,45.8,6,Stade François-Coty,10446,+-0,,2022,../data/raw/transfermarkt-scraper/2022/clubs.json.gz,https://www.transfermarkt.co.uk/ac-ajaccio/startseite/verein/1147,Ajaccio
1148,fc-brentford,Brentford Football Club,GB1,,26,25.5,20,76.9,14,Gtech Community Stadium,17250,+€50.91m,,2025,../data/raw/transfermarkt-scraper/2025/clubs.json.gz,https://www.transfermarkt.co.uk/fc-brentford/startseite/verein/1148,Brentford
114977,san-diego-fc,San Diego Football Club,MLS1,,29,25.5,19,65.5,6,Snapdragon Stadium,35000,€-3.50m,,2025,../data/raw/transfermarkt-scraper/2025/clubs.json.gz,https://www.transfermarkt.co.uk/san-diego-fc/startseite/verein/114977,San Diego FC
1158,fc-lorient,Football Club Lorient-Bretagne Sud,FR1,,25,26.1,18,72.0,10,Stade du Moustoir,16787,+€600k,,2025,../data/raw/transfermarkt-scraper/2025/clubs.json.gz,https://www.transfermarkt.co.uk/fc-lorient/startseite/verein/1158,Lorient
1159,as-nancy-lorraine,AS Nancy-Lorraine,FR1,,27,25.7,5,18.5,0,Stade Marcel-Picot,20087,+-0,,2016,../data/raw/transfermarkt-scraper/2016/clubs.json.gz,https://www.transfermarkt.co.uk/as-nancy-lorraine/startseite/verein/1159,Nancy
1160,nimes-olympique,Nîmes Olympique,FR1,,26,25.4,12,46.2,3,Stade des Antonins,8033,+€2.50m,,2020,../data/raw/transfermarkt-scraper/2020/clubs.json.gz,https://www.transfermarkt.co.uk/nimes-olympique/startseite/verein/1160,Nîmes
1162,sm-caen,SM Caen,FR1,,27,25.7,12,44.4,4,Stade Michel-d'Ornano,20500,+€3.05m,,2018,../data/raw/transfermarkt-scraper/2018/clubs.json.gz,https://www.transfermarkt.co.uk/sm-caen/startseite/verein/1162,Caen
11831,club-atletico-tigre,Club Atlético Tigre,ARG1,,30,26.3,4,13.3,0,José Dellagiovanna,26282,+€915k,,2025,../data/raw/transfermarkt-scraper/2025/clubs.json.gz,https://www.transfermarkt.co.uk/club-atletico-tigre/startseite/verein/11831,Tigre
12,as-rom,Associazione Sportiva Roma,IT1,,27,26.3,19,70.4,14,Olimpico di Roma,70634,€-24.45m,,2025,../data/raw/transfermarkt-scraper/2025/clubs.json.gz,https://www.transfermarkt.co.uk/as-rom/startseite/verein/12,Roma
1210,as-livorno,US Livorno 1915,IT1,,29,24.1,5,17.2,0,Armando Picchi,19238,+-0,,2013,../data/raw/transfermarkt-scraper/2013/clubs.json.gz,https://www.transfermarkt.co.uk/as-livorno/startseite/verein/1210,Livorno
12179,independiente-rivadavia,Club Sportivo Independiente Rivadavia,ARG1,,29,26.6,5,17.2,1,Bautista Gargantini,24000,€-3.86m,,2025,../data/raw/transfermarkt-scraper/2025/clubs.json.gz,https://www.transfermarkt.co.uk/independiente-rivadavia/startseite/verein/12179,Independiente Rivadavia
12301,club-atletico-aldosivi,Club Atlético Aldosivi,ARG1,,31,27.7,5,16.1,0,José María Minella,35180,+€2.56m,,2025,../data/raw/transfermarkt-scraper/2025/clubs.json.gz,https://www.transfermarkt.co.uk/club-atletico-aldosivi/startseite/verein/12301,Aldosivi
12321,fc-girona,Girona Fútbol Club S. A. D.,ES1,,27,28.7,14,51.9,6,Montilivi,14624,+€29.15m,,2025,../data/raw/transfermarkt-scraper/2025/clubs.json.gz,https://www.transfermarkt.co.uk/fc-girona/startseite/verein/12321,Girona
1234,club-atletico-independiente,Club Atlético Independiente de Avellaneda,ARG1,,26,27.9,7,26.9,6,Libertadores de América-Ricardo Enrique Bochini,48069,€-1.86m,,2025,../data/raw/transfermarkt-scraper/2025/clubs.json.gz,https://www.transfermarkt.co.uk/club-atletico-independiente/startseite/verein/1234,Independiente
1237,brighton-amp-hove-albion,Brighton and Hove Albion Football Club,GB1,,26,27.7,19,73.1,15,AMEX Stadium,31876,+€63.15m,,2025,../data/raw/transfermarkt-scraper/2025/clubs.json.gz,https://www.transfermarkt.co.uk/brighton-amp-hove-albion/startseite/verein/1237,Brighton
1244,cd-leganes,CD Leganés,ES1,,24,27.7,5,20.8,3,Ontime Butarque,14422,+€17.05m,Borja Jiménez,2024,../data/raw/transfermarkt-scraper/2024/clubs.json.gz,https://www.transfermarkt.co.uk/cd-leganes/startseite/verein/1244,Leganés
12454,club-atletico-sarmiento-junin-,Club Atlético Sarmiento,ARG1,,33,27.1,7,21.2,0,Eva Perón,23156,+€853k,,2025,../data/raw/transfermarkt-scraper/2025/clubs.json.gz,https://www.transfermarkt.co.uk/club-atletico-sarmiento-junin-/startseite/verein/12454,Sarmiento
1247,colorado-rapids,Colorado Rapids,MLS1,,30,23.9,17,56.7,7,Dick's Sporting Goods Park,33680,€-4.41m,,2025,../data/raw/transfermarkt-scraper/2025/clubs.json.gz,https://www.transfermarkt.co.uk/colorado-rapids/startseite/verein/1247,Colorado Rapids
12574,club-deportivo-godoy-cruz-antonio-tomba,CD Godoy Cruz Antonio Tomba,ARG1,,31,25.7,2,6.5,0,Feliciano Gambarte,23000,+€8.69m,Daniel Oldrá,2024,../data/raw/transfermarkt-scraper/2024/clubs.json.gz,https://www.transfermarkt.co.uk/club-deportivo-godoy-cruz-antonio-tomba/startseite/verein/12574,Godoy Cruz
127,sc-paderborn-07,SC Paderborn 07,L1,,26,25.7,5,19.2,1,Home Deluxe Arena,15000,€-450k,,2019,../data/raw/transfermarkt-scraper/2019/clubs.json.gz,https://www.transfermarkt.co.uk/sc-paderborn-07/startseite/verein/127,Paderborn
1286,club-atletico-newells-old-boys,Club Atlético Newell’s Old Boys,ARG1,,32,26.3,6,18.8,0,Marcelo Bielsa,49000,+€3.20m,,2025,../data/raw/transfermarkt-scraper/2025/clubs.json.gz,https://www.transfermarkt.co.uk/club-atletico-newells-old-boys/startseite/verein/1286,Newell's
13,atletico-madrid,Club Atlético de Madrid S.A.D.,ES1,,23,27.8,16,69.6,19,Riyadh Air Metropolitano,70460,€-85.45m,,2025,../data/raw/transfermarkt-scraper/2025/clubs.json.gz,https://www.transfermarkt.co.uk/atletico-madrid/startseite/verein/13,Atlético Madrid
130,parma-calcio-1913,Parma Calcio 1913,IT1,,25,24.7,19,76.0,2,Ennio Tardini,22352,+€42.29m,,2025,../data/raw/transfermarkt-scraper/2025/clubs.json.gz,https://www.transfermarkt.co.uk/parma-calcio-1913/startseite/verein/130,Parma
131,fc-barcelona,Futbol Club Barcelona,ES1,,25,25.5,11,44.0,18,Spotify Camp Nou,62657,+€3.70m,,2025,../data/raw/transfermarkt-scraper/2025/clubs.json.gz,https://www.transfermarkt.co.uk/fc-barcelona/startseite/verein/131,Barcelona
1387,acn-siena-1904,Siena FC,IT1,,20,25.5,2,10.0,0,Artemio Franchi,15373,+-0,,2012,../data/raw/transfermarkt-scraper/2012/clubs.json.gz,https://www.transfermarkt.co.uk/acn-siena-1904/startseite/verein/1387,Siena
1390,cagliari-calcio,Cagliari Calcio,IT1,,29,25.5,14,48.3,7,Unipol Domus,16416,+€800k,,2025,../data/raw/transfermarkt-scraper/2025/clubs.json.gz,https://www.transfermarkt.co.uk/cagliari-calcio/startseite/verein/1390,Cagliari
141,galatasaray-istanbul,Galatasaray Spor Kulübü,TR1,,29,27.0,16,55.2,19,Ali Sami Yen Spor Kompleksi RAMS Park,53978,€-139.57m,,2025,../data/raw/transfermarkt-scraper/2025/clubs.json.gz,https://www.transfermarkt.co.uk/galatasaray-istanbul/startseite/verein/141,Galatasaray
1416,amiens-sc,Amiens SC,FR1,,24,24.1,10,41.7,7,Stade Crédit Agricole la Licorne,12999,+€700k,,2019,../data/raw/transfermarkt-scraper/2019/clubs.json.gz,https://www.transfermarkt.co.uk/amiens-sc/startseite/verein/1416,Amiens
14171,thonon-evian-grand-geneve-fc,Thonon Évian Grand Genève FC,FR1,,27,27.4,6,22.2,1,Stade Camille Fournier,2500,+-0,,2014,../data/raw/transfermarkt-scraper/2014/clubs.json.gz,https://www.transfermarkt.co.uk/thonon-evian-grand-geneve-fc/startseite/verein/14171,Évian
1418,club-atletico-rosario-central,Club Atlético Rosario Central,ARG1,,29,27.3,5,17.2,3,Gigante de Arroyito,46755,€-285k,,2025,../data/raw/transfermarkt-scraper/2025/clubs.json.gz,https://www.transfermarkt.co.uk/club-atletico-rosario-central/startseite/verein/1418,Rosario Central
142,real-saragossa,Real Zaragoza,ES1,,23,26.0,6,26.1,1,La Romareda,33608,+€30k,,2012,../data/raw/transfermarkt-scraper/2012/clubs.json.gz,https://www.transfermarkt.co.uk/real-saragossa/startseite/verein/142,Zaragoza
1420,sco-angers,Angers Sporting Club de l'Ouest,FR1,,24,25.9,14,58.3,7,Stade Raymond-Kopa,19350,+€20.25m,,2025,../data/raw/transfermarkt-scraper/2025/clubs.json.gz,https://www.transfermarkt.co.uk/sco-angers/startseite/verein/1420,Angers
1421,stade-reims,Stade Reims,FR1,,24,24.0,19,79.2,7,Stade Auguste-Delaune,20519,+€81.98m,Luka Elsner,2024,../data/raw/transfermarkt-scraper/2024/clubs.json.gz,https://www.transfermarkt.co.uk/stade-reims/startseite/verein/1421,Reims
1423,fc-valenciennes,Valenciennes FC,FR1,,30,23.6,15,50.0,5,Stade du Hainaut,25000,+€2.52m,,2013,../data/raw/transfermarkt-scraper/2013/clubs.json.gz,https://www.transfermarkt.co.uk/fc-valenciennes/startseite/verein/1423,Valenciennes
1429,cesena-fc,Cesena FC,IT1,,28,26.0,4,14.3,0,Orogel Stadium - Dino Manuzzi,23860,+€335k,,2014,../data/raw/transfermarkt-scraper/2014/clubs.json.gz,https://www.transfermarkt.co.uk/cesena-fc/startseite/verein/1429,Cesena
1444,racing-club,Racing Club Asociación Civil de Avellaneda,ARG1,,30,26.3,4,13.3,2,Presidente Perón,55000,+€10.17m,,2025,../data/raw/transfermarkt-scraper/2025/clubs.json.gz,https://www.transfermarkt.co.uk/racing-club/startseite/verein/1444,Racing
14554,club-atletico-tucuman,Club Atlético Tucumán,ARG1,,31,26.6,6,19.4,0,Monumental José Fierro,35200,+€2.11m,,2025,../data/raw/transfermarkt-scraper/2025/clubs.json.gz,https://www.transfermarkt.co.uk/club-atletico-tucuman/startseite/verein/14554,Atlético Tucumán
14602,aa-estudiantes-de-rio-cuarto,Asociación Atlética Estudiantes,ARG1,,35,27.9,2,5.7,0,Antonio Candini,12000,+€260k,,2025,../data/raw/transfermarkt-scraper/2025/clubs.json.gz,https://www.transfermarkt.co.uk/aa-estudiantes-de-rio-cuarto/startseite/verein/14602,Estudiantes
14687,gimnasia-y-esgrima-de-mendoza,Club Atlético Gimnasia y Esgrima de Mendoza,ARG1,,32,27.2,4,12.5,0,Víctor Antonio Legrotaglie,14000,€-840k,,2025,../data/raw/transfermarkt-scraper/2025/clubs.json.gz,https://www.transfermarkt.co.uk/gimnasia-y-esgrima-de-mendoza/startseite/verein/14687,Gimnasia (M)
148,tottenham-hotspur,Tottenham Hotspur Football Club,GB1,,28,26.0,22,78.6,20,Tottenham Hotspur Stadium,62850,€-182.90m,,2025,../data/raw/transfermarkt-scraper/2025/clubs.json.gz,https://www.transfermarkt.co.uk/tottenham-hotspur/startseite/verein/148,Tottenham
15,bayer-04-leverkusen,Bayer 04 Leverkusen Fußball,L1,,27,26.6,21,77.8,14,BayArena,30210,+€31.80m,,2025,../data/raw/transfermarkt-scraper/2025/clubs.json.gz,https://www.transfermarkt.co.uk/bayer-04-leverkusen/startseite/verein/15,Leverkusen
150,real-betis-sevilla,Real Betis Balompié S.A.D.,ES1,,27,29.2,13,48.1,11,La Cartuja,70000,€-875k,,2025,../data/raw/transfermarkt-scraper/2025/clubs.json.gz,https://www.transfermarkt.co.uk/real-betis-sevilla/startseite/verein/150,Betis
1531,fc-elche,Elche Club de Fútbol S.A.D.,ES1,,26,26.8,10,38.5,2,Manuel Martínez Valero,31388,+€22.90m,,2025,../data/raw/transfermarkt-scraper/2025/clubs.json.gz,https://www.transfermarkt.co.uk/fc-elche/startseite/verein/1531,Elche
1533,sd-eibar,SD Eibar,ES1,,26,28.3,5,19.2,0,Ipurua,8164,+€2.60m,,2020,../data/raw/transfermarkt-scraper/2020/clubs.json.gz,https://www.transfermarkt.co.uk/sd-eibar/startseite/verein/1533,Eibar
16,borussia-dortmund,Borussia Dortmund,L1,,26,26.4,14,53.8,16,SIGNAL IDUNA PARK,81365,€-23.20m,,2025,../data/raw/transfermarkt-scraper/2025/clubs.json.gz,https://www.transfermarkt.co.uk/borussia-dortmund/startseite/verein/16,Dortmund
162,as-monaco,Association sportive de Monaco Football Club,FR1,,28,25.9,28,100.0,15,Stade Louis-II,18525,+€135.57m,,2025,../data/raw/transfermarkt-scraper/2025/clubs.json.gz,https://www.transfermarkt.co.uk/as-monaco/startseite/verein/162,Mónaco
1627,catania-calcio,Catania FC,IT1,,27,26.0,5,18.5,0,Cibali - Angelo Massimino,20204,€-101k,,2013,../data/raw/transfermarkt-scraper/2013/clubs.json.gz,https://www.transfermarkt.co.uk/catania-calcio/startseite/verein/1627,Catania
167,fc-augsburg,Fußball-Club Augsburg 1907,L1,,29,25.7,19,65.5,9,WWK ARENA,30660,€-8.25m,,2025,../data/raw/transfermarkt-scraper/2025/clubs.json.gz,https://www.transfermarkt.co.uk/fc-augsburg/startseite/verein/167,Augsburgo
16795,fc-granada,Granada CF,ES1,,24,26.1,8,33.3,4,Nuevo Los Cármenes,19336,+€19.70m,,2023,../data/raw/transfermarkt-scraper/2023/clubs.json.gz,https://www.transfermarkt.co.uk/fc-granada/startseite/verein/16795,Granada
1775,club-atletico-san-lorenzo-de-almagro,Club Atlético San Lorenzo de Almagro,ARG1,,36,25.5,5,13.9,1,Pedro Bidegain,47964,+€6.56m,,2025,../data/raw/transfermarkt-scraper/2025/clubs.json.gz,https://www.transfermarkt.co.uk/club-atletico-san-lorenzo-de-almagro/startseite/verein/1775,San Lorenzo
17776,chapecoense,Associação Chapecoense de Futebol,BRA1,,37,28.4,3,8.1,0,Arena Condá,22600,+-0,,2025,../data/raw/transfermarkt-scraper/2025/clubs.json.gz,https://www.transfermarkt.co.uk/chapecoense/startseite/verein/17776,Chapecoense
18,borussia-monchengladbach,Borussia Verein für Leibesübungen 1900 Mönchengladbach,L1,,28,26.0,15,53.6,11,Stadion im Borussia-Park,54042,+€10.65m,,2025,../data/raw/transfermarkt-scraper/2025/clubs.json.gz,https://www.transfermarkt.co.uk/borussia-monchengladbach/startseite/verein/18,M'gladbach
180,fc-southampton,Southampton FC,GB1,,27,26.6,15,55.6,6,St Mary's Stadium,32384,+€86.56m,Russell Martin,2024,../data/raw/transfermarkt-scraper/2024/clubs.json.gz,https://www.transfermarkt.co.uk/fc-southampton/startseite/verein/180,Southampton
1829,instituto-ac-cordoba,Instituto Atlético Central Córdoba,ARG1,,31,26.8,4,12.9,0,Juan Domingo Perón,25000,€-40k,,2025,../data/raw/transfermarkt-scraper/2025/clubs.json.gz,https://www.transfermarkt.co.uk/instituto-ac-cordoba/startseite/verein/1829,Instituto
189,club-atletico-boca-juniors,Club Atlético Boca Juniors,ARG1,,36,28.2,7,19.4,2,Alberto J. Armando,54000,€-6.58m,,2025,../data/raw/transfermarkt-scraper/2025/clubs.json.gz,https://www.transfermarkt.co.uk/club-atletico-boca-juniors/startseite/verein/189,Boca Juniors
19,brescia-calcio,Brescia Calcio,IT1,,28,25.1,12,42.9,1,Mario Rigamonti,19550,+€3.65m,,2019,../data/raw/transfermarkt-scraper/2019/clubs.json.gz,https://www.transfermarkt.co.uk/brescia-calcio/startseite/verein/19,Brescia
19775,cd-riestra,Asociación de Fomento Deportivo Riestra Barrio Colón,ARG1,,31,29.2,3,9.7,0,Guillermo Laza,10000,€-430k,,2025,../data/raw/transfermarkt-scraper/2025/clubs.json.gz,https://www.transfermarkt.co.uk/cd-riestra/startseite/verein/19775,Riestra
199,corinthians-sao-paulo,Sport Club Corinthians Paulista,BRA1,,34,27.1,7,20.6,3,Neo Química Arena,49205,+€2.19m,,2025,../data/raw/transfermarkt-scraper/2025/clubs.json.gz,https://www.transfermarkt.co.uk/corinthians-sao-paulo/startseite/verein/199,Corinthians
2029,ceara-sporting-club,Ceará Sporting Club,BRA1,,29,28.0,2,6.9,0,Estádio Governador Plácido Castelo,63904,+€2.30m,Anderson Batatais,2024,../data/raw/transfermarkt-scraper/2024/clubs.json.gz,https://www.transfermarkt.co.uk/ceara-sporting-club/startseite/verein/2029,Ceará
2036,1-fc-heidenheim-1846,1. Fußballclub Heidenheim 1846,L1,,29,26.4,7,24.1,3,Voith-Arena,15000,+€7.50m,,2025,../data/raw/transfermarkt-scraper/2025/clubs.json.gz,https://www.transfermarkt.co.uk/1-fc-heidenheim-1846/startseite/verein/2036,Heidenheim
2063,club-atletico-huracan,Club Atlético Huracán,ARG1,,31,27.3,7,22.6,3,Tomás Adolfo Ducó,43482,+€7.42m,,2025,../data/raw/transfermarkt-scraper/2025/clubs.json.gz,https://www.transfermarkt.co.uk/club-atletico-huracan/startseite/verein/2063,Huracán
209,club-atletico-river-plate,Club Atlético River Plate,ARG1,,33,26.1,5,15.2,10,Mâs Monumental,85018,+€22.93m,,2025,../data/raw/transfermarkt-scraper/2025/clubs.json.gz,https://www.transfermarkt.co.uk/club-atletico-river-plate/startseite/verein/209,River Plate
210,gremio-porto-alegre,Grêmio Foot-Ball Porto Alegrense,BRA1,,34,26.6,11,32.4,4,Arena do Grêmio,60540,€-6.38m,,2025,../data/raw/transfermarkt-scraper/2025/clubs.json.gz,https://www.transfermarkt.co.uk/gremio-porto-alegre/startseite/verein/210,Grêmio
2125,esporte-clube-vitoria,Esporte Clube Vitória,BRA1,,38,28.2,6,15.8,0,Estádio Manoel Barradas,30793,+€1.36m,,2025,../data/raw/transfermarkt-scraper/2025/clubs.json.gz,https://www.transfermarkt.co.uk/esporte-clube-vitoria/startseite/verein/2125,Vitória
218,san-jose-earthquakes,San Jose Earthquakes,MLS1,,30,26.1,10,33.3,3,PayPal Park,18000,+€580k,,2025,../data/raw/transfermarkt-scraper/2025/clubs.json.gz,https://www.transfermarkt.co.uk/san-jose-earthquakes/startseite/verein/218,San Jose Earthquakes
221,fc-santos,Santos Futebol Clube,BRA1,,33,27.4,8,24.2,3,Estádio Urbano Caldeira,16068,+€7.21m,,2025,../data/raw/transfermarkt-scraper/2025/clubs.json.gz,https://www.transfermarkt.co.uk/fc-santos/startseite/verein/221,Santos
2239,us-cremonese,Unione Sportiva Cremonese S.p.A.,IT1,,27,28.6,12,44.4,3,Giovanni Zini,16003,€-17.75m,,2025,../data/raw/transfermarkt-scraper/2025/clubs.json.gz,https://www.transfermarkt.co.uk/us-cremonese/startseite/verein/2239,Cremonese
2288,swansea-city,Swansea City,GB1,,22,24.8,17,77.3,4,Swansea.com Stadium,21088,+€8.35m,,2017,../data/raw/transfermarkt-scraper/2017/clubs.json.gz,https://www.transfermarkt.co.uk/swansea-city/startseite/verein/2288,Swansea
23,eintracht-braunschweig,Eintracht Braunschweig,L1,,30,25.6,11,36.7,2,EINTRACHT-Stadion,23325,+€750k,,2013,../data/raw/transfermarkt-scraper/2013/clubs.json.gz,https://www.transfermarkt.co.uk/eintracht-braunschweig/startseite/verein/23,Eintracht Braunschweig
237,rcd-mallorca,Real Club Deportivo Mallorca S.A.D.,ES1,,26,27.9,11,42.3,8,Mallorca Son Moix,26020,+€800k,,2025,../data/raw/transfermarkt-scraper/2025/clubs.json.gz,https://www.transfermarkt.co.uk/rcd-mallorca/startseite/verein/237,Mallorca
23826,rasenballsport-leipzig,RasenBallsport Leipzig,L1,,30,23.8,20,66.7,12,Red Bull Arena,47069,+€38.05m,,2025,../data/raw/transfermarkt-scraper/2025/clubs.json.gz,https://www.transfermarkt.co.uk/rasenballsport-leipzig/startseite/verein/23826,RB Leipzig
24,eintracht-frankfurt,Eintracht Frankfurt Fußball AG,L1,,29,25.6,19,65.5,14,Deutsche Bank Park,59500,+€53.40m,,2025,../data/raw/transfermarkt-scraper/2025/clubs.json.gz,https://www.transfermarkt.co.uk/eintracht-frankfurt/startseite/verein/24,Eintracht Frankfurt
2402,defensa-y-justicia,Club Social y Deportivo Defensa y Justicia,ARG1,,28,26.0,8,28.6,2,Norberto Tomaghello,18750,+€3.19m,,2025,../data/raw/transfermarkt-scraper/2025/clubs.json.gz,https://www.transfermarkt.co.uk/defensa-y-justicia/startseite/verein/2402,Defensa y Justicia
2417,ca-belgrano,Club Atlético Belgrano,ARG1,,28,27.3,4,14.3,1,Julio César Villagra,38550,+€5.64m,,2025,../data/raw/transfermarkt-scraper/2025/clubs.json.gz,https://www.transfermarkt.co.uk/ca-belgrano/startseite/verein/2417,Belgrano
244,olympique-marseille,Olympique de Marseille,FR1,,24,26.8,23,95.8,12,Orange Vélodrome,67394,+€20.35m,,2025,../data/raw/transfermarkt-scraper/2025/clubs.json.gz,https://www.transfermarkt.co.uk/olympique-marseille/startseite/verein/244,Marsella
2440,d-c-united,D.C. United,MLS1,,27,26.0,12,44.4,6,Audi Field,20000,€-11.59m,,2025,../data/raw/transfermarkt-scraper/2025/clubs.json.gz,https://www.transfermarkt.co.uk/d-c-united/startseite/verein/2440,DC United
2448,sporting-gijon,Sporting Gijón,ES1,,28,26.2,10,35.7,2,El Molinón - Enrique Castro Quini,29029,+€5.23m,,2016,../data/raw/transfermarkt-scraper/2016/clubs.json.gz,https://www.transfermarkt.co.uk/sporting-gijon/startseite/verein/2448,Sporting de Gijón
2462,fluminense-rio-de-janeiro,Fluminense Football Club,BRA1,,32,28.6,12,37.5,4,Estádio Jornalista Mário Filho,82238,€-6.96m,,2025,../data/raw/transfermarkt-scraper/2025/clubs.json.gz,https://www.transfermarkt.co.uk/fluminense-rio-de-janeiro/startseite/verein/2462,Fluminense
2497,real-oviedo,Real Oviedo S.A.D.,ES1,,26,28.0,16,61.5,8,Carlos Tartiere,30500,€-3.95m,,2025,../data/raw/transfermarkt-scraper/2025/clubs.json.gz,https://www.transfermarkt.co.uk/real-oviedo/startseite/verein/2497,Oviedo
25184,club-atletico-barracas-central,Club Atlético Barracas Central,ARG1,,30,28.7,7,23.3,2,Claudio Chiqui Tapia,18000,+-0,,2025,../data/raw/transfermarkt-scraper/2025/clubs.json.gz,https://www.transfermarkt.co.uk/club-atletico-barracas-central/startseite/verein/25184,Barracas Central
252,genua-cfc,Genoa Cricket and Football Club,IT1,,26,26.8,18,69.2,8,Luigi Ferraris,34901,+€47.93m,,2025,../data/raw/transfermarkt-scraper/2025/clubs.json.gz,https://www.transfermarkt.co.uk/genua-cfc/startseite/verein/252,Genoa
25467,philadelphia-union,Philadelphia Union,MLS1,,29,24.0,11,37.9,5,Subaru Park,18500,€-3.65m,,2025,../data/raw/transfermarkt-scraper/2025/clubs.json.gz,https://www.transfermarkt.co.uk/philadelphia-union/startseite/verein/25467,Philadelphia Union
2687,fc-cadiz,Cádiz CF,ES1,,26,28.7,6,23.1,2,Nuevo Mirandilla,21094,+€4.00m,,2023,../data/raw/transfermarkt-scraper/2023/clubs.json.gz,https://www.transfermarkt.co.uk/fc-cadiz/startseite/verein/2687,Cádiz
269,holstein-kiel,Holstein Kiel,L1,,29,25.1,15,51.7,4,Holstein-Stadion,15034,+€7.97m,Marcel Rapp,2024,../data/raw/transfermarkt-scraper/2024/clubs.json.gz,https://www.transfermarkt.co.uk/holstein-kiel/startseite/verein/269,Holstein Kiel
27,fc-bayern-munchen,FC Bayern München,L1,,25,27.0,13,52.0,20,Allianz Arena,75000,+€12.90m,,2025,../data/raw/transfermarkt-scraper/2025/clubs.json.gz,https://www.transfermarkt.co.uk/fc-bayern-munchen/startseite/verein/27,Bayern Múnich
2722,spal,SPAL,IT1,,32,26.0,8,25.0,2,Paolo Mazza,16134,+€2.75m,,2019,../data/raw/transfermarkt-scraper/2019/clubs.json.gz,https://www.transfermarkt.co.uk/spal/startseite/verein/2722,SPAL
273,fc-stade-rennes,Stade Rennais Football Club,FR1,,23,25.6,10,43.5,11,Roazhon Park,29778,+€50.15m,,2025,../data/raw/transfermarkt-scraper/2025/clubs.json.gz,https://www.transfermarkt.co.uk/fc-stade-rennes/startseite/verein/273,Rennes
276,hellas-verona,Verona Hellas Football Club,IT1,,30,26.0,26,86.7,9,Marcantonio Bentegodi,39211,+€7.30m,,2025,../data/raw/transfermarkt-scraper/2025/clubs.json.gz,https://www.transfermarkt.co.uk/hellas-verona/startseite/verein/276,Hellas Verona
281,manchester-city,Manchester City Football Club,GB1,,27,26.2,19,70.4,22,Etihad Stadium,61000,€-194.52m,,2025,../data/raw/transfermarkt-scraper/2025/clubs.json.gz,https://www.transfermarkt.co.uk/manchester-city/startseite/verein/281,Manchester City
288,club-estudiantes-de-la-plata,Club Estudiantes de La Plata,ARG1,,28,27.4,5,17.9,1,Jorge Luis Hirschi,32530,+€6.53m,,2025,../data/raw/transfermarkt-scraper/2025/clubs.json.gz,https://www.transfermarkt.co.uk/club-estudiantes-de-la-plata/startseite/verein/288,Estudiantes LP
289,afc-sunderland,Sunderland Association Football Club,GB1,,28,25.2,23,82.1,15,Stadium of Light,48707,€-156.34m,,2025,../data/raw/transfermarkt-scraper/2025/clubs.json.gz,https://www.transfermarkt.co.uk/afc-sunderland/startseite/verein/289,Sunderland
29,fc-everton,Everton Football Club,GB1,,25,26.9,13,52.0,11,Hill Dickinson Stadium,52769,€-117.15m,,2025,../data/raw/transfermarkt-scraper/2025/clubs.json.gz,https://www.transfermarkt.co.uk/fc-everton/startseite/verein/29,Everton
290,aj-auxerre,Association de la Jeunesse auxerroise,FR1,,29,24.3,15,51.7,9,Stade de l'Abbé-Deschamps,18541,+€14.65m,,2025,../data/raw/transfermarkt-scraper/2025/clubs.json.gz,https://www.transfermarkt.co.uk/aj-auxerre/startseite/verein/290,Auxerre
2919,ac-monza,AC Monza,IT1,,29,26.5,12,41.4,2,Brianteo,17102,+€14.90m,Alessandro Nesta,2024,../data/raw/transfermarkt-scraper/2024/clubs.json.gz,https://www.transfermarkt.co.uk/ac-monza/startseite/verein/2919,Monza
2921,delfino-pescara-1936,Delfino Pescara 1936,IT1,,28,24.6,6,21.4,1,Adriatico,20476,+€4.60m,,2016,../data/raw/transfermarkt-scraper/2016/clubs.json.gz,https://www.transfermarkt.co.uk/delfino-pescara-1936/startseite/verein/2921,Pescara
2969,dijon-fco,Dijon FCO,FR1,,29,25.8,14,48.3,4,Stade Gaston-Gérard,16098,+€1.50m,,2020,../data/raw/transfermarkt-scraper/2020/clubs.json.gz,https://www.transfermarkt.co.uk/dijon-fco/startseite/verein/2969,Dijon
3,1-fc-koln,1. Fußball-Club Köln,L1,,30,26.0,12,40.0,6,RheinEnergieSTADION,50000,€-12.13m,,2025,../data/raw/transfermarkt-scraper/2025/clubs.json.gz,https://www.transfermarkt.co.uk/1-fc-koln/startseite/verein/3,Colonia
3008,hull-city,Hull City,GB1,,28,25.0,17,60.7,6,MKM Stadium,25586,+€7.50m,,2016,../data/raw/transfermarkt-scraper/2016/clubs.json.gz,https://www.transfermarkt.co.uk/hull-city/startseite/verein/3008,Hull City
31,fc-liverpool,Liverpool Football Club,GB1,,28,26.1,21,75.0,18,Anfield,61276,€-261.85m,,2025,../data/raw/transfermarkt-scraper/2025/clubs.json.gz,https://www.transfermarkt.co.uk/fc-liverpool/startseite/verein/31,Liverpool
31284,club-atletico-central-cordoba-sde-,Club Atlético Central Córdoba,ARG1,,26,26.0,2,7.7,0,Único Madre de Ciudades,30000,+-0,,2025,../data/raw/transfermarkt-scraper/2025/clubs.json.gz,https://www.transfermarkt.co.uk/club-atletico-central-cordoba-sde-/startseite/verein/31284,Central Córdoba
33,fc-schalke-04,FC Schalke 04,L1,,27,26.4,12,44.4,4,Veltins-Arena,62271,+€10.30m,,2022,../data/raw/transfermarkt-scraper/2022/clubs.json.gz,https://www.transfermarkt.co.uk/fc-schalke-04/startseite/verein/33,Schalke 04
330,clube-atletico-mineiro,Clube Atlético Mineiro,BRA1,,36,25.4,9,25.0,6,Arena MRV,47000,€-1.24m,,2025,../data/raw/transfermarkt-scraper/2025/clubs.json.gz,https://www.transfermarkt.co.uk/clube-atletico-mineiro/startseite/verein/330,Atlético Mineiro
3302,ud-almeria,UD Almería,ES1,,24,25.2,13,54.2,5,Power Horse Stadium,18331,€-1.60m,,2023,../data/raw/transfermarkt-scraper/2023/clubs.json.gz,https://www.transfermarkt.co.uk/ud-almeria/startseite/verein/3302,Almería
331,ca-osasuna,Club Atlético Osasuna,ES1,,23,28.1,3,13.0,3,El Sadar,23576,+€1.50m,,2025,../data/raw/transfermarkt-scraper/2025/clubs.json.gz,https://www.transfermarkt.co.uk/ca-osasuna/startseite/verein/331,Osasuna
333,club-atletico-lanus,Club Atlético Lanús,ARG1,,28,27.1,6,21.4,2,Ciudad de Lanús - Néstor Díaz Pérez,46619,+€5.44m,,2025,../data/raw/transfermarkt-scraper/2025/clubs.json.gz,https://www.transfermarkt.co.uk/club-atletico-lanus/startseite/verein/333,Lanús
3368,ud-levante,Levante Unión Deportiva S.A.D.,ES1,,28,25.7,8,28.6,3,Ciutat de València,26354,+€300k,,2025,../data/raw/transfermarkt-scraper/2025/clubs.json.gz,https://www.transfermarkt.co.uk/ud-levante/startseite/verein/3368,Levante
347,fc-metz,Football Club de Metz,FR1,,27,25.9,19,70.4,8,Stade Saint-Symphorien,28786,+€29.85m,,2025,../data/raw/transfermarkt-scraper/2025/clubs.json.gz,https://www.transfermarkt.co.uk/fc-metz/startseite/verein/347,Metz
35,fc-st-pauli,Fußball-Club St. Pauli von 1910,L1,,30,26.3,25,83.3,13,Millerntor-Stadion,29546,€-2.45m,,2025,../data/raw/transfermarkt-scraper/2025/clubs.json.gz,https://www.transfermarkt.co.uk/fc-st-pauli/startseite/verein/35,St. Pauli
350,sheffield-united,Sheffield United,GB1,,28,24.2,11,39.3,5,Bramall Lane,32702,+€31.02m,,2023,../data/raw/transfermarkt-scraper/2023/clubs.json.gz,https://www.transfermarkt.co.uk/sheffield-united/startseite/verein/350,Sheffield United
3522,spezia-calcio,Spezia Calcio,IT1,,32,24.4,25,78.1,11,Alberto Picco,11676,€-3.95m,,2022,../data/raw/transfermarkt-scraper/2022/clubs.json.gz,https://www.transfermarkt.co.uk/spezia-calcio/startseite/verein/3522,Spezia
3524,clermont-foot-63,Clermont Foot 63,FR1,,30,23.9,18,60.0,5,Stade Gabriel-Montpied,10800,+€4.00m,,2023,../data/raw/transfermarkt-scraper/2023/clubs.json.gz,https://www.transfermarkt.co.uk/clermont-foot-63/startseite/verein/3524,Clermont
3558,gfc-ajaccio,GFC Ajaccio,FR1,,5,26.8,1,20.0,1,Stade Ange-Casanova,4050,+-0,,2015,../data/raw/transfermarkt-scraper/2015/clubs.json.gz,https://www.transfermarkt.co.uk/gfc-ajaccio/startseite/verein/3558,Gazélec Ajaccio
36,fenerbahce-istanbul,Fenerbahçe Spor Kulübü,TR1,,28,27.5,15,53.6,13,Chobani Stadyumu FB Şükrü Saracoğlu Spor Kompleksi,47430,€-71.90m,,2025,../data/raw/transfermarkt-scraper/2025/clubs.json.gz,https://www.transfermarkt.co.uk/fenerbahce-istanbul/startseite/verein/36,Fenerbahçe
366,real-valladolid,Real Valladolid CF,ES1,,28,25.4,14,50.0,1,José Zorrilla,27618,+€11.30m,Paulo Pezzolano,2024,../data/raw/transfermarkt-scraper/2024/clubs.json.gz,https://www.transfermarkt.co.uk/real-valladolid/startseite/verein/366,Valladolid
367,rayo-vallecano,Rayo Vallecano de Madrid S. A. D.,ES1,,27,28.8,14,51.9,8,Estadio de Vallecas,14708,€-7.10m,,2025,../data/raw/transfermarkt-scraper/2025/clubs.json.gz,https://www.transfermarkt.co.uk/rayo-vallecano/startseite/verein/367,Rayo Vallecano
368,fc-sevilla,Sevilla Fútbol Club S.A.D.,ES1,,28,28.0,17,60.7,9,Ramón Sánchez-Pizjuán,43883,+€54.75m,,2025,../data/raw/transfermarkt-scraper/2025/clubs.json.gz,https://www.transfermarkt.co.uk/fc-sevilla/startseite/verein/368,Sevilla
3709,fc-getafe,Getafe Club de Fútbol S. A. D. Team Dubai,ES1,,25,28.3,13,52.0,3,Coliseum,16800,+€10.80m,,2025,../data/raw/transfermarkt-scraper/2025/clubs.json.gz,https://www.transfermarkt.co.uk/fc-getafe/startseite/verein/3709,Getafe
379,west-ham-united,West Ham United Football Club,GB1,,24,26.8,17,70.8,9,London Stadium,62500,€-53.10m,,2025,../data/raw/transfermarkt-scraper/2025/clubs.json.gz,https://www.transfermarkt.co.uk/west-ham-united/startseite/verein/379,West Ham
38,fortuna-dusseldorf,Fortuna Düsseldorf,L1,,29,25.9,12,41.4,2,MERKUR SPIEL-ARENA,54600,+€600k,,2019,../data/raw/transfermarkt-scraper/2019/clubs.json.gz,https://www.transfermarkt.co.uk/fortuna-dusseldorf/startseite/verein/38,Fortuna Düsseldorf
380,us-salernitana-1919,US Salernitana 1919,IT1,,30,24.5,16,53.3,3,Arechi,29739,+€18.80m,,2023,../data/raw/transfermarkt-scraper/2023/clubs.json.gz,https://www.transfermarkt.co.uk/us-salernitana-1919/startseite/verein/380,Salernitana
3876,mirassol-futebol-clube-sp-,Mirasol Futebol Clube,BRA1,,32,31.0,2,6.3,0,Estádio Municipal José María de Campos Maia,14534,+€1.67m,,2025,../data/raw/transfermarkt-scraper/2025/clubs.json.gz,https://www.transfermarkt.co.uk/mirassol-futebol-clube-sp-/startseite/verein/3876,Mirassol
39,1-fsv-mainz-05,1. Fußball- und Sportverein Mainz 05,L1,,31,27.4,15,48.4,12,Mewa Arena,33305,+€5.73m,,2025,../data/raw/transfermarkt-scraper/2025/clubs.json.gz,https://www.transfermarkt.co.uk/1-fsv-mainz-05/startseite/verein/39,Mainz 05
3911,stade-brest-29,Stade brestois 29,FR1,,23,25.5,11,47.8,6,Stade Francis-Le Blé,15220,+€23.70m,,2025,../data/raw/transfermarkt-scraper/2025/clubs.json.gz,https://www.transfermarkt.co.uk/stade-brest-29/startseite/verein/3911,Brest
3938,club-atletico-talleres,Club Atlético Talleres,ARG1,,31,25.2,8,25.8,2,Mario Alberto Kempes,57000,+€10.85m,,2025,../data/raw/transfermarkt-scraper/2025/clubs.json.gz,https://www.transfermarkt.co.uk/club-atletico-talleres/startseite/verein/3938,Talleres
398,lazio-rom,Società Sportiva Lazio S.p.A.,IT1,,28,27.7,17,60.7,11,Olimpico di Roma,70634,+€13.55m,,2025,../data/raw/transfermarkt-scraper/2025/clubs.json.gz,https://www.transfermarkt.co.uk/lazio-rom/startseite/verein/398,Lazio
399,leeds-united,Leeds United Association Football Club,GB1,,26,27.4,20,76.9,14,Elland Road,37890,€-106.70m,,2025,../data/raw/transfermarkt-scraper/2025/clubs.json.gz,https://www.transfermarkt.co.uk/leeds-united/startseite/verein/399,Leeds
4,1-fc-nurnberg,1.FC Nuremberg,L1,,33,25.2,7,21.2,2,Max-Morlock-Stadion,50000,+€2.63m,,2018,../data/raw/transfermarkt-scraper/2018/clubs.json.gz,https://www.transfermarkt.co.uk/1-fc-nurnberg/startseite/verein/4,Núremberg
40,fc-girondins-bordeaux,FC Girondins Bordeaux,FR1,,26,22.7,13,50.0,6,Matmut Atlantique,42115,+€12.70m,,2021,../data/raw/transfermarkt-scraper/2021/clubs.json.gz,https://www.transfermarkt.co.uk/fc-girondins-bordeaux/startseite/verein/40,Burdeos
40058,new-york-city-fc,New York City Football Club,MLS1,,32,24.9,18,56.3,6,Yankee Stadium,30321,€-8.83m,,2025,../data/raw/transfermarkt-scraper/2025/clubs.json.gz,https://www.transfermarkt.co.uk/new-york-city-fc/startseite/verein/40058,NYCFC
405,aston-villa,Aston Villa Football Club,GB1,,25,28.3,17,68.0,12,Villa Park,43205,€-12.65m,,2025,../data/raw/transfermarkt-scraper/2025/clubs.json.gz,https://www.transfermarkt.co.uk/aston-villa/startseite/verein/405,Aston Villa
4078,club-de-foot-montreal,Club de Foot Montréal,MLS1,,30,24.0,22,73.3,7,Stade Saputo,20801,+€3.95m,,2025,../data/raw/transfermarkt-scraper/2025/clubs.json.gz,https://www.transfermarkt.co.uk/club-de-foot-montreal/startseite/verein/4078,CF Montréal
4083,fc-crotone,FC Crotone,IT1,,25,27.0,6,24.0,1,Ezio Scida,16640,+€3.90m,,2020,../data/raw/transfermarkt-scraper/2020/clubs.json.gz,https://www.transfermarkt.co.uk/fc-crotone/startseite/verein/4083,Crotone
41,hamburger-sv,Hamburger Sport Verein,L1,,30,25.2,23,76.7,9,Volksparkstadion,57000,€-8.46m,,2025,../data/raw/transfermarkt-scraper/2025/clubs.json.gz,https://www.transfermarkt.co.uk/hamburger-sv/startseite/verein/41,Hamburgo
410,udinese-calcio,Udinese Calcio,IT1,,26,26.3,21,80.8,9,Bluenergy Stadium,25144,+€47.65m,,2025,../data/raw/transfermarkt-scraper/2025/clubs.json.gz,https://www.transfermarkt.co.uk/udinese-calcio/startseite/verein/410,Udinese
4102,carpi-fc-1909,AC Carpi,IT1,,25,23.6,6,24.0,1,Sandro Cabassi,5510,+-0,,2015,../data/raw/transfermarkt-scraper/2015/clubs.json.gz,https://www.transfermarkt.co.uk/carpi-fc-1909/startseite/verein/4102,Carpi
415,fc-toulouse,Toulouse Football Club,FR1,,24,24.2,17,70.8,7,Stadium Municipal,33150,+€31.35m,,2025,../data/raw/transfermarkt-scraper/2025/clubs.json.gz,https://www.transfermarkt.co.uk/fc-toulouse/startseite/verein/415,Toulouse
416,fc-turin,Torino Calcio,IT1,,30,26.4,24,80.0,11,Olimpico Grande Torino,28177,+€21.84m,,2025,../data/raw/transfermarkt-scraper/2025/clubs.json.gz,https://www.transfermarkt.co.uk/fc-turin/startseite/verein/416,Torino
417,ogc-nizza,Olympique Gymnaste Club Nice Côte d'Azur,FR1,,29,25.8,18,62.1,13,Allianz Riviera,36178,+€72.82m,,2025,../data/raw/transfermarkt-scraper/2025/clubs.json.gz,https://www.transfermarkt.co.uk/ogc-nizza/startseite/verein/417,Niza
4171,benevento-calcio,Benevento Calcio,IT1,,31,26.7,16,51.6,2,Ciro Vigorito,16867,€-1.93m,,2020,../data/raw/transfermarkt-scraper/2020/clubs.json.gz,https://www.transfermarkt.co.uk/benevento-calcio/startseite/verein/4171,Benevento
4172,ac-pisa-1909,Pisa Sporting Club,IT1,,29,27.2,21,72.4,7,Cetilar® Arena,12508,€-29.90m,,2025,../data/raw/transfermarkt-scraper/2025/clubs.json.gz,https://www.transfermarkt.co.uk/ac-pisa-1909/startseite/verein/4172,Pisa
418,real-madrid,Real Madrid Club de Fútbol,ES1,,29,25.8,17,58.6,18,Santiago Bernabéu,83186,€-165.50m,,2025,../data/raw/transfermarkt-scraper/2025/clubs.json.gz,https://www.transfermarkt.co.uk/real-madrid/startseite/verein/418,Real Madrid
42,hannover-96,Hannover 96,L1,,28,25.0,6,21.4,1,Heinz-von-Heiden-Arena,49000,€-300k,,2018,../data/raw/transfermarkt-scraper/2018/clubs.json.gz,https://www.transfermarkt.co.uk/hannover-96/startseite/verein/42,Hannover 96
4284,sporting-kansas-city,Sporting Kansas City,MLS1,,24,24.3,10,41.7,3,Sporting Park,21000,€-7.11m,,2025,../data/raw/transfermarkt-scraper/2025/clubs.json.gz,https://www.transfermarkt.co.uk/sporting-kansas-city/startseite/verein/4284,Sporting KC
4291,portland-timbers,Portland Timbers,MLS1,,26,26.8,17,65.4,6,Providence Park,25218,€-2.75m,,2025,../data/raw/transfermarkt-scraper/2025/clubs.json.gz,https://www.transfermarkt.co.uk/portland-timbers/startseite/verein/4291,Portland Timbers
430,ac-florenz,Associazione Calcio Fiorentina,IT1,,27,26.0,11,40.7,13,Artemio Franchi,43147,€-29.21m,,2025,../data/raw/transfermarkt-scraper/2025/clubs.json.gz,https://www.transfermarkt.co.uk/ac-florenz/startseite/verein/430,Fiorentina
432,chicago-fire-fc,Chicago Fire Soccer Club,MLS1,,29,26.1,15,51.7,5,Soldier Field,61500,€-4.83m,,2025,../data/raw/transfermarkt-scraper/2025/clubs.json.gz,https://www.transfermarkt.co.uk/chicago-fire-fc/startseite/verein/432,Chicago Fire
44,hertha-bsc,Hertha BSC,L1,,36,24.1,14,38.9,7,Olympiastadion Berlin,74667,+€6.70m,,2022,../data/raw/transfermarkt-scraper/2022/clubs.json.gz,https://www.transfermarkt.co.uk/hertha-bsc/startseite/verein/44,Hertha Berlín
449,trabzonspor,Trabzonspor Kulübü,TR1,,27,25.8,15,55.6,10,Papara Park,41000,+€5.45m,,2025,../data/raw/transfermarkt-scraper/2025/clubs.json.gz,https://www.transfermarkt.co.uk/trabzonspor/startseite/verein/449,Trabzonspor
45604,orlando-city-sc,Orlando City Soccer Club,MLS1,,26,24.7,18,69.2,6,Inter&Co Stadium,25500,€-631k,,2025,../data/raw/transfermarkt-scraper/2025/clubs.json.gz,https://www.transfermarkt.co.uk/orlando-city-sc/startseite/verein/45604,Orlando City
458,palermo-fc,Palermo FC,IT1,,28,25.6,7,25.0,4,Comunale Renzo Barbera "La Favorita",36365,€-7.94m,,2016,../data/raw/transfermarkt-scraper/2016/clubs.json.gz,https://www.transfermarkt.co.uk/palermo-fc/startseite/verein/458,Palermo
46,inter-mailand,Football Club Internazionale Milano S.p.A.,IT1,,24,29.4,16,66.7,15,Giuseppe Meazza,75923,€-48.35m,,2025,../data/raw/transfermarkt-scraper/2025/clubs.json.gz,https://www.transfermarkt.co.uk/inter-mailand/startseite/verein/46,Inter
472,ud-las-palmas,UD Las Palmas,ES1,,27,26.6,6,22.2,1,Estadio de Gran Canaria,32400,+€14.06m,Luis Carrión,2024,../data/raw/transfermarkt-scraper/2024/clubs.json.gz,https://www.transfermarkt.co.uk/ud-las-palmas/startseite/verein/472,Las Palmas
4795,fc-ingolstadt-04,FC Ingolstadt 04,L1,,28,24.3,8,28.6,1,Audi Sportpark,15800,+€1.55m,,2016,../data/raw/transfermarkt-scraper/2016/clubs.json.gz,https://www.transfermarkt.co.uk/fc-ingolstadt-04/startseite/verein/4795,Ingolstadt
5,ac-mailand,Associazione Calcio Milan,IT1,,23,27.4,18,78.3,19,Giuseppe Meazza,75923,+€6.00m,,2025,../data/raw/transfermarkt-scraper/2025/clubs.json.gz,https://www.transfermarkt.co.uk/ac-mailand/startseite/verein/5,AC Milan
506,juventus-turin,Juventus Football Club,IT1,,25,27.4,18,72.0,19,Allianz Stadium,41507,€-48.75m,,2025,../data/raw/transfermarkt-scraper/2025/clubs.json.gz,https://www.transfermarkt.co.uk/juventus-turin/startseite/verein/506,Juventus
512,stoke-city,Stoke City,GB1,,24,26.7,9,37.5,6,bet365 Stadium,30089,+€17.00m,,2017,../data/raw/transfermarkt-scraper/2017/clubs.json.gz,https://www.transfermarkt.co.uk/stoke-city/startseite/verein/512,Stoke City
51663,atlanta-united-fc,Atlanta United Football Club,MLS1,,28,26.2,22,78.6,11,Mercedes-Benz Stadium,73019,€-4.69m,,2025,../data/raw/transfermarkt-scraper/2025/clubs.json.gz,https://www.transfermarkt.co.uk/atlanta-united-fc/startseite/verein/51663,Atlanta United
51772,fc-cincinnati,Football Club Cincinnati,MLS1,,28,25.8,18,64.3,7,TQL Stadium,26000,+€570k,,2025,../data/raw/transfermarkt-scraper/2025/clubs.json.gz,https://www.transfermarkt.co.uk/fc-cincinnati/startseite/verein/51772,FC Cincinnati
51828,los-angeles-fc,Los Angeles Football Club,MLS1,,30,26.8,19,63.3,10,BMO Stadium,22000,€-27.66m,,2025,../data/raw/transfermarkt-scraper/2025/clubs.json.gz,https://www.transfermarkt.co.uk/los-angeles-fc/startseite/verein/51828,LAFC
533,tsg-1899-hoffenheim,Turn- und Sportgemeinschaft 1899 Hoffenheim Fußball-Spielbetriebs,L1,,29,25.5,20,69.0,12,PreZero Arena,30150,+€1.35m,,2025,../data/raw/transfermarkt-scraper/2025/clubs.json.gz,https://www.transfermarkt.co.uk/tsg-1899-hoffenheim/startseite/verein/533,Hoffenheim
5358,sd-huesca,SD Huesca,ES1,,24,27.5,8,33.3,2,El Alcoraz,9128,+€1.43m,,2020,../data/raw/transfermarkt-scraper/2020/clubs.json.gz,https://www.transfermarkt.co.uk/sd-huesca/startseite/verein/5358,Huesca
537,botafogo-rio-de-janeiro,S. A. F. Botafogo,BRA1,,34,26.6,14,41.2,5,Estádio Olímpico Nilton Santos,46931,+€40.04m,,2025,../data/raw/transfermarkt-scraper/2025/clubs.json.gz,https://www.transfermarkt.co.uk/botafogo-rio-de-janeiro/startseite/verein/537,Botafogo
543,wolverhampton-wanderers,Wolverhampton Wanderers Football Club,GB1,,23,26.4,19,82.6,12,Molineux Stadium,31750,+€81.10m,,2025,../data/raw/transfermarkt-scraper/2025/clubs.json.gz,https://www.transfermarkt.co.uk/wolverhampton-wanderers/startseite/verein/543,Wolves
56089,minnesota-united-fc,Minnesota United FC,MLS1,,30,25.9,18,60.0,6,Allianz Field,19600,+€3.06m,,2025,../data/raw/transfermarkt-scraper/2025/clubs.json.gz,https://www.transfermarkt.co.uk/minnesota-united-fc/startseite/verein/56089,Minnesota United
583,fc-paris-saint-germain,Paris Saint-Germain Football Club,FR1,,24,24.2,16,66.7,20,Parc des Princes,48583,€-47.20m,,2025,../data/raw/transfermarkt-scraper/2025/clubs.json.gz,https://www.transfermarkt.co.uk/fc-paris-saint-germain/startseite/verein/583,PSG
585,fc-sao-paulo,São Paulo Futebol Clube,BRA1,,39,26.8,9,23.1,3,MorumBIS,72039,+€24.69m,,2025,../data/raw/transfermarkt-scraper/2025/clubs.json.gz,https://www.transfermarkt.co.uk/fc-sao-paulo/startseite/verein/585,São Paulo
595,sc-bastia,SC Bastia,FR1,,25,27.6,8,32.0,6,Stade Armand-Cesari,16480,+€480k,,2016,../data/raw/transfermarkt-scraper/2016/clubs.json.gz,https://www.transfermarkt.co.uk/sc-bastia/startseite/verein/595,Bastia
60,sc-freiburg,Sport-Club Freiburg,L1,,25,28.1,9,36.0,5,Europa-Park Stadion,34700,€-1.15m,,2025,../data/raw/transfermarkt-scraper/2025/clubs.json.gz,https://www.transfermarkt.co.uk/sc-freiburg/startseite/verein/60,Friburgo
603,cardiff-city,Cardiff City,GB1,,28,25.5,24,85.7,8,Cardiff City Stadium,33280,€-655k,,2018,../data/raw/transfermarkt-scraper/2018/clubs.json.gz,https://www.transfermarkt.co.uk/cardiff-city/startseite/verein/603,Cardiff City
607,venezia-fc,Venezia FC,IT1,,29,26.2,19,65.5,6,Pier Luigi Penzo,12048,€-11.13m,Eusebio Di Francesco,2024,../data/raw/transfermarkt-scraper/2024/clubs.json.gz,https://www.transfermarkt.co.uk/venezia-fc/startseite/verein/607,Venezia
609,ec-cruzeiro-belo-horizonte,Cruzeiro Esporte Clube,BRA1,,32,26.4,5,15.6,4,Estádio Governador Magalhães Pinto,61927,€-36.26m,,2025,../data/raw/transfermarkt-scraper/2025/clubs.json.gz,https://www.transfermarkt.co.uk/ec-cruzeiro-belo-horizonte/startseite/verein/609,Cruzeiro
614,flamengo-rio-de-janeiro,Clube de Regatas do Flamengo,BRA1,,27,29.0,9,33.3,11,Estádio Jornalista Mário Filho,82238,€-13.92m,,2025,../data/raw/transfermarkt-scraper/2025/clubs.json.gz,https://www.transfermarkt.co.uk/flamengo-rio-de-janeiro/startseite/verein/614,Flamengo
618,as-saint-etienne,AS Saint-Étienne,FR1,,29,24.1,16,55.2,7,Stade Geoffroy-Guichard,41965,€-22.05m,Olivier Dall'Oglio,2024,../data/raw/transfermarkt-scraper/2024/clubs.json.gz,https://www.transfermarkt.co.uk/as-saint-etienne/startseite/verein/618,Saint-Étienne
6195,ssc-neapel,Società Sportiva Calcio Napoli,IT1,,26,28.7,17,65.4,16,Diego Armando Maradona,54726,€-15.35m,,2025,../data/raw/transfermarkt-scraper/2025/clubs.json.gz,https://www.transfermarkt.co.uk/ssc-neapel/startseite/verein/6195,Napoli
621,athletic-bilbao,Athletic Club Bilbao,ES1,,28,27.3,3,10.7,6,San Mamés,53289,€-17.80m,,2025,../data/raw/transfermarkt-scraper/2025/clubs.json.gz,https://www.transfermarkt.co.uk/athletic-bilbao/startseite/verein/621,Athletic Club
623,new-york-red-bulls,Red Bull New York,MLS1,,31,23.8,17,54.8,6,Sports Illustrated Stadium,25000,€-3.62m,,2025,../data/raw/transfermarkt-scraper/2025/clubs.json.gz,https://www.transfermarkt.co.uk/new-york-red-bulls/startseite/verein/623,NY Red Bulls
626,new-england-revolution,New England Revolution,MLS1,,27,24.9,12,44.4,7,Gillette Stadium,68756,€-6.47m,,2025,../data/raw/transfermarkt-scraper/2025/clubs.json.gz,https://www.transfermarkt.co.uk/new-england-revolution/startseite/verein/626,New England Revolution
631,fc-chelsea,Chelsea Football Club,GB1,,31,23.7,21,67.7,15,Stamford Bridge,41631,€-4.90m,,2025,../data/raw/transfermarkt-scraper/2025/clubs.json.gz,https://www.transfermarkt.co.uk/fc-chelsea/startseite/verein/631,Chelsea
6321,vancouver-whitecaps-fc,Vancouver Whitecaps FC,MLS1,,29,26.1,24,82.8,13,BC Place,54500,+€2.80m,,2025,../data/raw/transfermarkt-scraper/2025/clubs.json.gz,https://www.transfermarkt.co.uk/vancouver-whitecaps-fc/startseite/verein/6321,Vancouver Whitecaps
63966,nashville-sc,Nashville SC,MLS1,,27,26.2,17,63.0,7,GEODIS Park,30000,€-830k,,2025,../data/raw/transfermarkt-scraper/2025/clubs.json.gz,https://www.transfermarkt.co.uk/nashville-sc/startseite/verein/63966,Nashville SC
641,fc-middlesbrough,Middlesbrough FC,GB1,,25,26.1,8,32.0,6,Riverside Stadium,33746,+€16.68m,,2016,../data/raw/transfermarkt-scraper/2016/clubs.json.gz,https://www.transfermarkt.co.uk/fc-middlesbrough/startseite/verein/641,Middlesbrough
65,spvgg-greuther-furth,SpVgg Greuther Fürth,L1,,28,24.0,11,39.3,2,Sportpark Ronhof | Thomas Sommer,16626,+€3.97m,,2021,../data/raw/transfermarkt-scraper/2021/clubs.json.gz,https://www.transfermarkt.co.uk/spvgg-greuther-furth/startseite/verein/65,Greuther Fürth
6574,us-sassuolo,Unione Sportiva Sassuolo Calcio,IT1,,29,26.1,17,58.6,13,Mapei Stadium - Città del Tricolore,21584,€-34.68m,,2025,../data/raw/transfermarkt-scraper/2025/clubs.json.gz,https://www.transfermarkt.co.uk/us-sassuolo/startseite/verein/6574,Sassuolo
6600,sc-internacional-porto-alegre,Sport Club Internacional,BRA1,,31,27.0,10,32.3,4,Estádio Beira-Rio,50848,+€41.39m,,2025,../data/raw/transfermarkt-scraper/2025/clubs.json.gz,https://www.transfermarkt.co.uk/sc-internacional-porto-alegre/startseite/verein/6600,Internacional
6643,real-salt-lake-city,Real Salt Lake,MLS1,,35,23.8,19,54.3,3,America First Field,20213,€-8.14m,,2025,../data/raw/transfermarkt-scraper/2025/clubs.json.gz,https://www.transfermarkt.co.uk/real-salt-lake-city/startseite/verein/6643,Real Salt Lake
667,rc-strassburg-alsace,Racing Club de Strasbourg Alsace,FR1,,26,22.8,22,84.6,14,Stade de la Meinau,32000,€-26.30m,,2025,../data/raw/transfermarkt-scraper/2025/clubs.json.gz,https://www.transfermarkt.co.uk/rc-strassburg-alsace/startseite/verein/667,Estrasburgo
677,ipswich-town,Ipswich Town,GB1,,26,27.8,13,50.0,8,Portman Road,30056,+€29.95m,Kieran McKenna,2024,../data/raw/transfermarkt-scraper/2024/clubs.json.gz,https://www.transfermarkt.co.uk/ipswich-town/startseite/verein/677
679,club-athletico-paranaense,Athletico Paranaense,BRA1,,30,25.7,10,33.3,1,Estádio Mário Celso Petraglia,42372,€-1.51m,,2025,../data/raw/transfermarkt-scraper/2025/clubs.json.gz,https://www.transfermarkt.co.uk/club-athletico-paranaense/startseite/verein/679
681,real-sociedad-san-sebastian,Real Sociedad,ES1,,25,26.3,9,36.0,11,Anoeta,39313,+€63.50m,,2025,../data/raw/transfermarkt-scraper/2025/clubs.json.gz,https://www.transfermarkt.co.uk/real-sociedad-san-sebastian/startseite/verein/681
669261,inter-miami-cf,Inter Miami,MLS1,,27,25.3,20,74.1,8,Nu Stadium,26700,€-36.02m,,2025,../data/raw/transfermarkt-scraper/2025/clubs.json.gz,https://www.transfermarkt.co.uk/inter-miami-cf/startseite/verein/69261
703,nottingham-forest,Nottingham Forest,GB1,,29,26.7,22,75.9,14,The City Ground,30404,€-111.43m,,2025,../data/raw/transfermarkt-scraper/2025/clubs.json.gz,https://www.transfermarkt.co.uk/nottingham-forest/startseite/verein/703
7097,club-atletico-union,Unión,ARG1,,29,26.6,2,6.9,0,15 de Abril,27358,€-351k,,2025,../data/raw/transfermarkt-scraper/2025/clubs.json.gz,https://www.transfermarkt.co.uk/club-atletico-union/startseite/verein/7097
714,espanyol-barcelona,Espanyol,ES1,,23,27.5,7,30.4,2,RCDE Stadium,37776,+€9.80m,,2025,../data/raw/transfermarkt-scraper/2025/clubs.json.gz,https://www.transfermarkt.co.uk/espanyol-barcelona/startseite/verein/714
72309,austin-fc,Austin FC,MLS1,,26,27.2,16,61.5,6,Q2 Stadium,20738,€-5.73m,,2025,../data/raw/transfermarkt-scraper/2025/clubs.json.gz,https://www.transfermarkt.co.uk/austin-fc/startseite/verein/72309
738,ac-le-havre,Le Havre,FR1,,28,25.5,15,53.6,9,Stade Océane,25178,+€1.00m,,2025,../data/raw/transfermarkt-scraper/2025/clubs.json.gz,https://www.transfermarkt.co.uk/ac-le-havre/startseite/verein/738
749,fc-empoli,Empoli,IT1,,33,24.4,9,27.3,1,Carlo Castellani,19847,+€23.57m,Roberto D'Aversa,2024,../data/raw/transfermarkt-scraper/2024/clubs.json.gz,https://www.transfermarkt.co.uk/fc-empoli/startseite/verein/749
750,fc-sochaux-montbeliard,Sochaux,FR1,,29,23.0,9,31.0,1,Stade Auguste-Bonal,20005,+€6.30m,,2013,../data/raw/transfermarkt-scraper/2013/clubs.json.gz,https://www.transfermarkt.co.uk/fc-sochaux-montbeliard/startseite/verein/750
762,newcastle-united,Newcastle,GB1,,26,28.2,12,46.2,16,St James' Park,52258,€-102.85m,,2025,../data/raw/transfermarkt-scraper/2025/clubs.json.gz,https://www.transfermarkt.co.uk/newcastle-united/startseite/verein/762
776,coritiba-fc,Coritiba,BRA1,,30,28.9,3,10.0,0,Estádio Major Antônio Couto Pereira,40502,€-2.73m,,2025,../data/raw/transfermarkt-scraper/2025/clubs.json.gz,https://www.transfermarkt.co.uk/coritiba-fc/startseite/verein/776
78435,charlotte-fc,Charlotte FC,MLS1,,28,26.7,17,60.7,7,Bank of America Stadium,75412,+€8.97m,,2025,../data/raw/transfermarkt-scraper/2025/clubs.json.gz,https://www.transfermarkt.co.uk/charlotte-fc/startseite/verein/78435
79,vfb-stuttgart,Stuttgart,L1,,30,24.9,14,46.7,14,MHPArena Stuttgart,60449,+€57.05m,,2025,../data/raw/transfermarkt-scraper/2025/clubs.json.gz,https://www.transfermarkt.co.uk/vfb-stuttgart/startseite/verein/79
80,vfl-bochum,Bochum,L1,,29,25.5,9,31.0,3,Vonovia Ruhrstadion,26000,+€5.90m,Peter Zeidler,2024,../data/raw/transfermarkt-scraper/2024/clubs.json.gz,https://www.transfermarkt.co.uk/vfl-bochum/startseite/verein/80
800,atalanta-bergamo,Atalanta,IT1,,24,27.4,14,58.3,19,New Balance Arena - Bergamo,24950,€-8.28m,,2025,../data/raw/transfermarkt-scraper/2025/clubs.json.gz,https://www.transfermarkt.co.uk/atalanta-bergamo/startseite/verein/800
813,columbus-crew-sc,Columbus Crew,MLS1,,31,26.3,18,58.1,11,ScottsMiracle-Gro Field,20011,€-9.76m,,2025,../data/raw/transfermarkt-scraper/2025/clubs.json.gz,https://www.transfermarkt.co.uk/columbus-crew-sc/startseite/verein/813
82,vfl-wolfsburg,Wolfsburgo,L1,,33,25.6,24,72.7,14,Volkswagen Arena,28917,€-30.98m,,2025,../data/raw/transfermarkt-scraper/2025/clubs.json.gz,https://www.transfermarkt.co.uk/vfl-wolfsburg/startseite/verein/82
8826,rc-lens,Lens,FR1,,29,26.5,9,31.0,11,Stade Bollaert-Delelis,38223,+€45.55m,,2025,../data/raw/transfermarkt-scraper/2025/clubs.json.gz,https://www.transfermarkt.co.uk/rc-lens/startseite/verein/826
82686,st-louis-city-sc,St. Louis City,MLS1,,28,26.3,18,64.3,1,Energizer Park,22500,€-5.69m,,2025,../data/raw/transfermarkt-scraper/2025/clubs.json.gz,https://www.transfermarkt.co.uk/st-louis-city-sc/startseite/verein/82686
830,club-atletico-banfield,Banfield,ARG1,,30,26.3,6,20.0,1,Florencio Sola,34901,+€3.85m,,2025,../data/raw/transfermarkt-scraper/2025/clubs.json.gz,https://www.transfermarkt.co.uk/club-atletico-banfield/startseite/verein/830
855,ea-guingamp,Guingamp,FR1,,27,25.4,7,25.9,1,Stade du Roudourou,18120,+€3.70m,,2018,../data/raw/transfermarkt-scraper/2018/clubs.json.gz,https://www.transfermarkt.co.uk/ea-guingamp/startseite/verein/855
86,sv-werder-bremen,Werder Bremen,L1,,30,25.5,18,60.0,11,Weserstadion,41800,€-2.15m,,2025,../data/raw/transfermarkt-scraper/2025/clubs.json.gz,https://www.transfermarkt.co.uk/sv-werder-bremen/startseite/verein/86
862,chievo-verona,Chievo Verona,IT1,,0,,0,,0,Marcantonio Bentegodi,31045,+-0,,2018,../data/raw/transfermarkt-scraper/2018/clubs.json.gz,https://www.transfermarkt.co.uk/chievo-verona/startseite/verein/862
8718,sport-club-do-recife,Sport Recife,BRA1,,29,27.1,1,3.4,0,Estádio Adelmar da Costa Carvalho,35000,+€2.95m,Mariano Soso,2024,../data/raw/transfermarkt-scraper/2024/clubs.json.gz,https://www.transfermarkt.co.uk/sport-club-do-recife/startseite/verein/8718
873,crystal-palace,Crystal Palace,GB1,,28,26.5,19,67.9,19,Selhurst Park,25486,€-47.85m,,2025,../data/raw/transfermarkt-scraper/2025/clubs.json.gz,https://www.transfermarkt.co.uk/crystal-palace/startseite/verein/873
8793,red-bull-bragantino,Red Bull Bragantino,BRA1,,36,25.5,7,19.4,2,Estádio Municipal Cicero De Souza Marques,12000,+€10.50m,,2025,../data/raw/transfermarkt-scraper/2025/clubs.json.gz,https://www.transfermarkt.co.uk/red-bull-bragantino/startseite/verein/8793
8816,fc-dallas,FC Dallas,MLS1,,34,24.2,19,55.9,4,Toyota Stadium,20500,€-778k,,2025,../data/raw/transfermarkt-scraper/2025/clubs.json.gz,https://www.transfermarkt.co.uk/fc-dallas/startseite/verein/8816
89,1-fc-union-berlin,Unión Berlín,L1,,26,27.1,17,65.4,8,Stadion An der Alten Försterei,22012,+€300k,,2025,../data/raw/transfermarkt-scraper/2025/clubs.json.gz,https://www.transfermarkt.co.uk/1-fc-union-berlin/startseite/verein/89
897,deportivo-la-coruna,Deportivo La Coruña,ES1,,24,27.7,3,12.5,0,Abanca Riazor,32912,€-435k,,2017,../data/raw/transfermarkt-scraper/2017/clubs.json.gz,https://www.transfermarkt.co.uk/deportivo-la-coruna/startseite/verein/897
8970,frosinone-calcio,Frosinone,IT1,,31,23.8,15,48.4,5,Benito Stirpe,16227,+€5.81m,,2023,../data/raw/transfermarkt-scraper/2023/clubs.json.gz,https://www.transfermarkt.co.uk/frosinone-calcio/startseite/verein/8970
9168,houston-dynamo-fc,Houston Dynamo,MLS1,,26,28.0,19,73.1,3,Shell Energy Stadium,22039,€-9.36m,,2025,../data/raw/transfermarkt-scraper/2025/clubs.json.gz,https://www.transfermarkt.co.uk/houston-dynamo-fc/startseite/verein/9168
928,club-atletico-platense,Platense,ARG1,,35,25.9,3,8.6,0,Ciudad de Vicente López,28530,+€2.32m,,2025,../data/raw/transfermarkt-scraper/2025/clubs.json.gz,https://www.transfermarkt.co.uk/club-atletico-platense/startseite/verein/928
931,fc-fulham,Fulham,GB1,,24,28.3,20,83.3,12,Craven Cottage,29589,€-56.40m,,2025,../data/raw/transfermarkt-scraper/2025/clubs.json.gz,https://www.transfermarkt.co.uk/fc-fulham/startseite/verein/931
940,celta-vigo,Celta de Vigo,ES1,,28,27.1,9,32.1,6,Abanca Balaídos,22803,+€41.70m,,2025,../data/raw/transfermarkt-scraper/2025/clubs.json.gz,https://www.transfermarkt.co.uk/celta-vigo/startseite/verein/940
9636,seattle-sounders-fc,Seattle Sounders,MLS1,,28,27.4,11,39.3,4,Lumen Field,68740,+€6.43m,,2025,../data/raw/transfermarkt-scraper/2025/clubs.json.gz,https://www.transfermarkt.co.uk/seattle-sounders-fc/startseite/verein/9636
969,montpellier-hsc,Montpellier,FR1,,23,24.3,10,43.5,2,Stade de la Mosson,22000,+€6.55m,Michel Der Zakarian,2024,../data/raw/transfermarkt-scraper/2024/clubs.json.gz,https://www.transfermarkt.co.uk/montpellier-hsc/startseite/verein/969
978,vasco-da-gama-rio-de-janeiro,Vasco da Gama,BRA1,,29,26.3,9,31.0,5,Estádio São Januário,24584,+€23.85m,,2025,../data/raw/transfermarkt-scraper/2025/clubs.json.gz,https://www.transfermarkt.co.uk/vasco-da-gama-rio-de-janeiro/startseite/verein/978
984,west-bromwich-albion,West Brom,GB1,,25,27.8,8,32.0,4,The Hawthorns,26850,€-1.35m,,2020,../data/raw/transfermarkt-scraper/2020/clubs.json.gz,https://www.transfermarkt.co.uk/west-bromwich-albion/startseite/verein/984
985,manchester-united,Manchester United,GB1,,24,26.7,18,75.0,16,Old Trafford,74879,€-172.50m,,2025,../data/raw/transfermarkt-scraper/2025/clubs.json.gz,https://www.transfermarkt.co.uk/manchester-united/startseite/verein/985
989,afc-bournemouth,Bournemouth,GB1,,26,25.6,20,76.9,13,Vitality Stadium,11307,+€129.31m,,2025,../data/raw/transfermarkt-scraper/2025/clubs.json.gz,https://www.transfermarkt.co.uk/afc-bournemouth/startseite/verein/989
993,fc-cordoba,Córdoba,ES1,,24,27.9,4,16.7,0,Nuevo Arcángel,21822,+-0,,2014,../data/raw/transfermarkt-scraper/2014/clubs.json.gz,https://www.transfermarkt.co.uk/fc-cordoba/startseite/verein/993
995,fc-nantes,Nantes,FR1,,29,27.0,16,55.2,9,Stade de la Beaujoire,35322,+€32.00m,,2025,../data/raw/transfermarkt-scraper/2025/clubs.json.gz,https://www.transfermarkt.co.uk/fc-nantes/startseite/verein/995
